{
  "project_info": {
    "project_number": "542038493133",
    "firebase_url": "https://college-west-georgia.firebaseio.com",
    "project_id": "college-west-georgia",
    "storage_bucket": "college-west-georgia.appspot.com"
  },
  "client": [
    {
      "client_info": {
        "mobilesdk_app_id": "1:542038493133:android:8c7e62e260012d03",
        "android_client_info": {
          "package_name": "com.app.college"
        }
      },
      "oauth_client": [
        {
          "client_id": "542038493133-658rb11seksp7pm0b32cm5pbrdvmjjhe.apps.googleusercontent.com",
          "client_type": 3
        }
      ],
      "api_key": [
        {
          "current_key": "AIzaSyCLLG-VDgSnaACjS0PnbsP0q1g3pJzaZhs"
        }
      ],
      "services": {
        "analytics_service": {
          "status": 1
        },
        "appinvite_service": {
          "status": 1,
          "other_platform_oauth_client": []
        },
        "ads_service": {
          "status": 2
        }
      }
    }
  ],
  "configuration_version": "1"
}